utterance,emotion
181171_181200.wav,neu
393061_393819.wav,neu
160395_160473.wav,neu
014246_014716.wav,neu
226014_226952.wav,neu
176683_176745.wav,neu
153058_153137.wav,neu
132314_132377.wav,neu
119124_119690.wav,neu
629069_629881.wav,neu
578645_579061.wav,neu
627219_627869.wav,neu
659005_659481.wav,neu
173520_173592.wav,neu
180976_181030.wav,neu
268240_268853.wav,neu
507159_507755.wav,neu
118693_118762.wav,neu
130160_130209.wav,neu
304131_305115.wav,neu
263684_264052.wav,neu
338051_338683.wav,neu
449337_450160.wav,neu
857887_858296.wav,neu
713757_714191.wav,neu
027732_028172.wav,neu
862770_863133.wav,neu
617861_618229.wav,neu
139034_139094.wav,neu
041432_042406.wav,neu
179791_179833.wav,neu
106688_107230.wav,neu
177734_177777.wav,neu
647521_647877.wav,neu
175791_175845.wav,neu
897367_897909.wav,neu
147915_148005.wav,neu
595073_595843.wav,neu
146615_146676.wav,neu
106582_106729.wav,neu
112340_112404.wav,neu
143528_144112.wav,neu
184943_185009.wav,neu
373373_374173.wav,neu
954083_955120.wav,neu
188733_188808.wav,neu
133243_133286.wav,neu
134754_134815.wav,neu
705095_705493.wav,neu
675733_676107.wav,neu
689475_689873.wav,neu
715999_716439.wav,neu
974404_975793.wav,neu
069124_069588.wav,neu
182065_182093.wav,neu
741255_741683.wav,neu
180713_180738.wav,neu
156884_156937.wav,neu
499460_500495.wav,neu
441663_442391.wav,neu
150638_150706.wav,neu
882857_883267.wav,neu
146984_147694.wav,neu
116025_116093.wav,neu
181898_181946.wav,neu
109176_109694.wav,neu
053758_055098.wav,neu
110962_111009.wav,neu
159575_159657.wav,neu
858670_859039.wav,neu
183030_183073.wav,neu
134702_134754.wav,neu
158845_158922.wav,neu
059878_060228.wav,neu
113818_113884.wav,neu
127040_127092.wav,neu
121622_121666.wav,neu
128276_128326.wav,neu
500495_501271.wav,neu
133482_133946.wav,neu
614151_614579.wav,neu
877279_877646.wav,neu
874812_875162.wav,neu
142974_143035.wav,neu
904659_905309.wav,neu
192518_192573.wav,neu
148297_148368.wav,neu
184452_184500.wav,neu
566337_566735.wav,neu
031080_031610.wav,neu
288549_289043.wav,neu
167291_167363.wav,neu
137975_138024.wav,neu
178385_178443.wav,neu
528003_528509.wav,neu
505221_505625.wav,neu
124492_124549.wav,neu
171850_171928.wav,neu
139566_139605.wav,neu
108515_108572.wav,neu
107160_107301.wav,neu
888196_888612.wav,neu
131048_131108.wav,neu
165342_165413.wav,neu
431877_432293.wav,neu
757427_757783.wav,neu
702167_702667.wav,neu
125891_125950.wav,neu
934091_934841.wav,neu
190868_190911.wav,neu
128207_128276.wav,neu
464893_465471.wav,neu
206050_206838.wav,neu
186300_186361.wav,neu
111931_111975.wav,neu
167120_167172.wav,neu
111831_111875.wav,neu
330301_330717.wav,neu
905309_905965.wav,neu
116503_116573.wav,neu
156247_156334.wav,neu
153911_153970.wav,neu
763485_763913.wav,neu
130948_131008.wav,neu
802667_803179.wav,neu
124212_124273.wav,neu
392525_393061.wav,neu
536257_536745.wav,neu
166961_167040.wav,neu
176800_176867.wav,neu
121506_121550.wav,neu
000838_001260.wav,neu
760803_761171.wav,neu
558835_559497.wav,neu
673819_674799.wav,neu
918077_919395.wav,neu
098786_099136.wav,neu
545743_546231.wav,neu
953111_954083.wav,neu
781375_781737.wav,neu
183149_183182.wav,neu
181989_182035.wav,neu
667033_667887.wav,neu
135451_135496.wav,neu
144112_144690.wav,neu
164022_164074.wav,neu
103373_103512.wav,neu
136296_137018.wav,neu
171478_171552.wav,neu
145323_145370.wav,neu
186654_186710.wav,neu
643911_644309.wav,neu
132744_132802.wav,neu
183182_183240.wav,neu
055472_056602.wav,neu
170886_170948.wav,neu
148230_148297.wav,neu
450160_450595.wav,neu
238932_239564.wav,neu
169138_169198.wav,neu
567789_568847.wav,neu
112278_112340.wav,neu
560689_561081.wav,neu
224690_225267.wav,neu
120238_121038.wav,neu
133286_133329.wav,neu
149738_149795.wav,neu
122141_122195.wav,neu
464495_464893.wav,neu
425821_426279.wav,neu
678975_679595.wav,neu
215662_216071.wav,neu
118762_118812.wav,neu
378663_379301.wav,neu
640897_641601.wav,neu
175408_176118.wav,neu
189716_189771.wav,neu
125263_125314.wav,neu
587781_588407.wav,neu
679595_680089.wav,neu
432293_433710.wav,neu
939139_940025.wav,neu
828615_829054.wav,neu
529683_530261.wav,neu
173123_173177.wav,neu
140012_140053.wav,neu
184833_184876.wav,neu
182740_182777.wav,neu
387675_389235.wav,neu
150548_150638.wav,neu
178760_179206.wav,neu
164919_164992.wav,neu
596819_597229.wav,neu
091578_092396.wav,neu
109379_109449.wav,neu
668405_669097.wav,neu
350083_350775.wav,neu
895735_896241.wav,neu
209282_209680.wav,neu
196718_197236.wav,neu
135713_135760.wav,neu
340939_341415.wav,neu
178248_178760.wav,neu
188886_188984.wav,neu
127092_127159.wav,neu
219392_219886.wav,neu
295451_296473.wav,neu
307269_307925.wav,neu
423772_424201.wav,neu
161698_161750.wav,neu
328071_329723.wav,neu
170556_170618.wav,neu
473291_474283.wav,neu
118531_118585.wav,neu
169501_169572.wav,neu
118100_118558.wav,neu
590647_591285.wav,neu
135947_136009.wav,neu
632895_633497.wav,neu
380711_381409.wav,neu
129819_129891.wav,neu
026683_027208.wav,neu
665309_665701.wav,neu
168272_168352.wav,neu
135322_135384.wav,neu
186948_187011.wav,neu
129549_129605.wav,neu
113247_113318.wav,neu
113433_113497.wav,neu
803547_804065.wav,neu
221071_221398.wav,neu
220667_221071.wav,neu
010592_011032.wav,neu
176867_176939.wav,neu
763111_763485.wav,neu
697703_698113.wav,neu
180226_180259.wav,neu
348411_349547.wav,neu
162063_162117.wav,neu
099624_100130.wav,neu
721883_722233.wav,neu
240382_240900.wav,neu
648263_648895.wav,neu
506407_507159.wav,neu
146428_146489.wav,neu
118558_119124.wav,neu
683331_683759.wav,neu
176128_176181.wav,neu
144685_144768.wav,neu
169198_169271.wav,neu
183637_183698.wav,neu
401081_401635.wav,neu
719895_720335.wav,neu
144690_145304.wav,neu
821581_822015.wav,neu
882393_882857.wav,neu
467199_467591.wav,neu
741683_742363.wav,neu
530261_530839.wav,neu
123726_123789.wav,neu
507755_508272.wav,neu
274708_275755.wav,neu
142478_142547.wav,neu
189771_189843.wav,neu
122735_122808.wav,neu
165566_165628.wav,neu
186426_186582.wav,neu
138209_138250.wav,neu
147281_147355.wav,neu
407991_408761.wav,neu
838269_838720.wav,neu
761521_761889.wav,neu
186023_186132.wav,neu
166803_166873.wav,neu
880089_880481.wav,neu
297045_297437.wav,neu
669477_670079.wav,neu
172577_172654.wav,neu
147694_148260.wav,neu
231498_232454.wav,neu
879709_880089.wav,neu
163204_163286.wav,neu
794791_795231.wav,neu
851293_851745.wav,neu
165148_165212.wav,neu
644653_645159.wav,neu
865977_866333.wav,neu
729693_730253.wav,neu
106429_106582.wav,neu
157660_157749.wav,neu
445253_445759.wav,neu
075178_075534.wav,neu
724557_725075.wav,neu
180930_180976.wav,neu
143759_143835.wav,neu
814889_815257.wav,neu
421851_422435.wav,neu
926879_928023.wav,neu
157167_157246.wav,neu
005562_005960.wav,neu
488905_489429.wav,neu
103815_103888.wav,neu
305115_305513.wav,neu
162604_162686.wav,neu
826361_826770.wav,neu
186264_186992.wav,neu
734253_734711.wav,neu
821075_821581.wav,neu
175045_175102.wav,neu
941743_942707.wav,neu
129109_129598.wav,neu
142937_142974.wav,neu
122435_122505.wav,neu
290584_291715.wav,neu
172344_172393.wav,neu
694155_694739.wav,neu
180886_180930.wav,neu
116272_116328.wav,neu
122505_122567.wav,neu
182035_182065.wav,neu
175900_175971.wav,neu
759363_759719.wav,neu
605461_606027.wav,neu
844159_844539.wav,neu
148580_148632.wav,neu
587221_587781.wav,neu
126643_126705.wav,neu
175102_175183.wav,neu
230076_230660.wav,neu
227319_227814.wav,neu
133130_133174.wav,neu
924425_925281.wav,neu
117792_117857.wav,neu
873625_874011.wav,neu
130708_130780.wav,neu
926083_926879.wav,neu
368811_369299.wav,neu
183509_183569.wav,neu
139400_139468.wav,neu
101759_101886.wav,neu
189033_189141.wav,neu
124607_124673.wav,neu
177366_177417.wav,neu
853945_854433.wav,neu
123895_123966.wav,neu
134015_134058.wav,neu
774837_775271.wav,neu
187841_187903.wav,neu
330717_331385.wav,neu
161186_161782.wav,neu
115775_115829.wav,neu
371599_372093.wav,neu
164426_165082.wav,neu
337347_338051.wav,neu
170482_170556.wav,neu
119807_119858.wav,neu
386585_386941.wav,neu
654001_654447.wav,neu
168758_168834.wav,neu
140457_140504.wav,neu
478509_479093.wav,neu
307925_308323.wav,neu
746875_747375.wav,neu
120652_120722.wav,neu
138167_138209.wav,neu
106278_106688.wav,neu
563699_564415.wav,neu
404455_405375.wav,neu
692885_693637.wav,neu
138789_138841.wav,neu
818935_819303.wav,neu
077720_078484.wav,neu
139200_139256.wav,neu
180065_180115.wav,neu
143526_143609.wav,neu
149213_149289.wav,neu
293105_294055.wav,neu
112151_112214.wav,neu
150281_150358.wav,neu
225267_226014.wav,neu
102744_102878.wav,neu
588407_589057.wav,neu
872709_873083.wav,neu
863917_864351.wav,neu
907493_908723.wav,neu
447831_448307.wav,neu
180305_180356.wav,neu
100018_100070.wav,neu
279131_279758.wav,neu
141637_141708.wav,neu
202750_203496.wav,neu
105006_105087.wav,neu
190045_190107.wav,neu
140977_141045.wav,neu
127310_127360.wav,neu
223138_223919.wav,neu
130209_130259.wav,neu
177857_177895.wav,neu
183688_184440.wav,neu
181553_181590.wav,neu
178683_178729.wav,neu
140419_140457.wav,neu
091030_091578.wav,neu
165082_165504.wav,neu
163286_163329.wav,neu
146049_146118.wav,neu
919395_920785.wav,neu
426279_427127.wav,neu
402213_403775.wav,neu
137865_137920.wav,neu
130356_130412.wav,neu
095196_095696.wav,neu
705493_705963.wav,neu
123662_123726.wav,neu
470335_470901.wav,neu
241730_242223.wav,neu
878377_878787.wav,neu
153367_153442.wav,neu
777055_777471.wav,neu
122254_122320.wav,neu
189634_190176.wav,neu
117413_117478.wav,neu
192079_192153.wav,neu
599283_599735.wav,neu
127480_127543.wav,neu
156803_156884.wav,neu
112146_112585.wav,neu
421260_421851.wav,neu
163914_164426.wav,neu
108895_108947.wav,neu
004502_005026.wav,neu
646569_646979.wav,neu
550949_551497.wav,neu
134530_134590.wav,neu
420147_420857.wav,neu
101369_101456.wav,neu
156985_157032.wav,neu
825517_825915.wav,neu
158922_158982.wav,neu
120722_120794.wav,neu
233271_234728.wav,neu
543461_543835.wav,neu
664479_665309.wav,neu
176118_176996.wav,neu
810683_811063.wav,neu
140257_140302.wav,neu
716439_717059.wav,neu
353803_354981.wav,neu
481951_482960.wav,neu
712913_713353.wav,neu
239564_240382.wav,neu
134640_134702.wav,neu
188321_188378.wav,neu
185795_185859.wav,neu
176578_176628.wav,neu
269529_270527.wav,neu
191654_191732.wav,neu
128433_128486.wav,neu
187627_187676.wav,neu
863133_863495.wav,neu
130545_130603.wav,neu
714191_714559.wav,neu
528509_528997.wav,neu
341825_342307.wav,neu
101544_101676.wav,neu
047806_048258.wav,neu
079026_079448.wav,neu
855312_855825.wav,neu
180653_180683.wav,neu
333561_334109.wav,neu
132093_132153.wav,neu
547711_548265.wav,neu
195556_195996.wav,neu
369715_370443.wav,neu
191194_191271.wav,neu
128376_128433.wav,neu
171375_171440.wav,neu
088700_089218.wav,neu
811925_812347.wav,neu
267739_268240.wav,neu
124936_125001.wav,neu
121633_122259.wav,neu
179754_179791.wav,neu
656495_657043.wav,neu
007459_008008.wav,neu
595843_596325.wav,neu
152936_153006.wav,neu
670585_671073.wav,neu
838720_839112.wav,neu
162819_162877.wav,neu
155295_155370.wav,neu
145063_145143.wav,neu
155033_155095.wav,neu
754835_755209.wav,neu
100859_100986.wav,neu
182321_182367.wav,neu
721203_721883.wav,neu
128532_129109.wav,neu
183989_184046.wav,neu
543063_543461.wav,neu
113175_113247.wav,neu
777911_778303.wav,neu
519653_520327.wav,neu
110016_110078.wav,neu
137543_137598.wav,neu
177586_177661.wav,neu
133174_133243.wav,neu
104860_105006.wav,neu
115306_115372.wav,neu
297437_298033.wav,neu
101676_101759.wav,neu
319945_320553.wav,neu
849895_850311.wav,neu
110628_110689.wav,neu
623457_624083.wav,neu
158499_158573.wav,neu
148368_148439.wav,neu
183377_183411.wav,neu
038934_039926.wav,neu
316123_316791.wav,neu
285625_286651.wav,neu
816269_816625.wav,neu
156540_157142.wav,neu
415101_415601.wav,neu
699705_700235.wav,neu
320553_321245.wav,neu
035830_036750.wav,neu
179206_179862.wav,neu
168149_168203.wav,neu
167468_167908.wav,neu
160972_161042.wav,neu
509109_509567.wav,neu
122320_122373.wav,neu
177777_177857.wav,neu
204352_205067.wav,neu
705963_706361.wav,neu
510193_510981.wav,neu
112404_112462.wav,neu
142547_142612.wav,neu
112462_112515.wav,neu
188032_188073.wav,neu
259946_260542.wav,neu
739435_739911.wav,neu
152860_152936.wav,neu
187141_187182.wav,neu
165035_165103.wav,neu
623005_623457.wav,neu
124312_124377.wav,neu
762605_763111.wav,neu
166602_166677.wav,neu
157503_157579.wav,neu
846445_846770.wav,neu
142382_142436.wav,neu
580711_581199.wav,neu
155223_155295.wav,neu
169750_169802.wav,neu
889933_890625.wav,neu
115927_115986.wav,neu
208494_209282.wav,neu
971296_972570.wav,neu
094034_094576.wav,neu
607737_608105.wav,neu
157142_157792.wav,neu
180426_180466.wav,neu
008646_009266.wav,neu
145697_145792.wav,neu
115109_115169.wav,neu
645159_645611.wav,neu
928023_929412.wav,neu
349547_350083.wav,neu
819303_819911.wav,neu
128550_128606.wav,neu
076986_077720.wav,neu
382685_383083.wav,neu
162755_162819.wav,neu
110793_110859.wav,neu
126442_126924.wav,neu
271532_272593.wav,neu
865393_865977.wav,neu
023914_024654.wav,neu
931189_932579.wav,neu
798377_798751.wav,neu
401635_402213.wav,neu
760279_760803.wav,neu
603319_604251.wav,neu
154324_154408.wav,neu
157579_157660.wav,neu
247006_247648.wav,neu
166498_166534.wav,neu
162686_162755.wav,neu
167439_167512.wav,neu
055098_055472.wav,neu
130304_130356.wav,neu
172842_172916.wav,neu
156412_156449.wav,neu
286651_287285.wav,neu
129764_129819.wav,neu
168912_168968.wav,neu
180396_180426.wav,neu
962296_962903.wav,neu
179464_179509.wav,neu
156732_156803.wav,neu
657043_657675.wav,neu
124168_124842.wav,neu
139672_140190.wav,neu
751453_751863.wav,neu
636683_637633.wav,neu
191852_191928.wav,neu
108128_108218.wav,neu
114071_114124.wav,neu
796599_796949.wav,neu
138370_138412.wav,neu
346679_347899.wav,neu
116741_116812.wav,neu
662883_663311.wav,neu
118481_118531.wav,neu
141886_141957.wav,neu
080822_081634.wav,neu
135897_135947.wav,neu
188984_189033.wav,neu
141045_141110.wav,neu
115500_115557.wav,neu
145143_145189.wav,neu
129598_130470.wav,neu
177154_177220.wav,neu
172080_172153.wav,neu
835670_836111.wav,neu
429491_430303.wav,neu
093378_094034.wav,neu
109857_109904.wav,neu
447379_447831.wav,neu
177081_177154.wav,neu
207332_208119.wav,neu
515595_516022.wav,neu
125772_125826.wav,neu
894753_895253.wav,neu
173693_173775.wav,neu
626881_627219.wav,neu
336961_337347.wav,neu
199234_199734.wav,neu
836111_836599.wav,neu
181590_181644.wav,neu
480959_481951.wav,neu
184046_184101.wav,neu
095696_096082.wav,neu
155887_155948.wav,neu
138944_138983.wav,neu
129488_129549.wav,neu
119697_119753.wav,neu
621247_621663.wav,neu
028172_029038.wav,neu
157792_158538.wav,neu
141577_141637.wav,neu
625197_626519.wav,neu
666539_667033.wav,neu
820345_820712.wav,neu
137449_137503.wav,neu
859389_859733.wav,neu
132905_132973.wav,neu
105868_106021.wav,neu
033044_033904.wav,neu
464037_464495.wav,neu
706361_707011.wav,neu
830103_830765.wav,neu
152781_152860.wav,neu
042406_042840.wav,neu
140544_140583.wav,neu
178834_178876.wav,neu
731789_732211.wav,neu
185916_185968.wav,neu
155370_155452.wav,neu
172985_173036.wav,neu
159104_159736.wav,neu
119858_119897.wav,neu
789891_790325.wav,neu
134182_134235.wav,neu
129082_129133.wav,neu
509567_510193.wav,neu
163882_163957.wav,neu
184609_184657.wav,neu
172494_173174.wav,neu
185420_185548.wav,neu
168617_168685.wav,neu
178082_178143.wav,neu
126377_126422.wav,neu
138482_138533.wav,neu
151266_151344.wav,neu
228356_229240.wav,neu
121799_121881.wav,neu
654447_654941.wav,neu
139697_139756.wav,neu
174556_174610.wav,neu
143685_143759.wav,neu
699283_699705.wav,neu
189185_189335.wav,neu
289943_290584.wav,neu
173829_173909.wav,neu
056602_057294.wav,neu
493667_494155.wav,neu
360199_360603.wav,neu
331385_332455.wav,neu
628315_628689.wav,neu
678077_678541.wav,neu
115324_116166.wav,neu
131784_131851.wav,neu
117645_117689.wav,neu
422435_422827.wav,neu
747375_747953.wav,neu
446301_446837.wav,neu
122045_122088.wav,neu
151572_151639.wav,neu
144616_144685.wav,neu
114124_114196.wav,neu
182514_182551.wav,neu
110530_110586.wav,neu
399805_400419.wav,neu
249940_250512.wav,neu
114719_114787.wav,neu
064628_065290.wav,neu
183937_183989.wav,neu
133329_133381.wav,neu
254826_255704.wav,neu
145304_145810.wav,neu
258350_259269.wav,neu
101945_102026.wav,neu
190176_190916.wav,neu
161094_161150.wav,neu
824004_824511.wav,neu
709463_709927.wav,neu
609231_609773.wav,neu
866725_867489.wav,neu
155396_155914.wav,neu
692511_692885.wav,neu
169079_169138.wav,neu
136689_136740.wav,neu
149350_150030.wav,neu
459141_459797.wav,neu
573037_573945.wav,neu
406811_407245.wav,neu
940025_940881.wav,neu
909409_910119.wav,neu
878787_879257.wav,neu
642871_643911.wav,neu
112093_112151.wav,neu
572633_573037.wav,neu
627869_628315.wav,neu
870383_870745.wav,neu
130603_130655.wav,neu
178030_178082.wav,neu
187482_187522.wav,neu
420857_421260.wav,neu
467591_468427.wav,neu
374529_374957.wav,neu
846059_846445.wav,neu
058462_058938.wav,neu
137201_137264.wav,neu
181420_181458.wav,neu
163957_164022.wav,neu
512707_513081.wav,neu
552347_552679.wav,neu
123617_123662.wav,neu
883267_883629.wav,neu
141225_141276.wav,neu
126841_126907.wav,neu
162408_162466.wav,neu
516022_516679.wav,neu
755209_755679.wav,neu
102878_103064.wav,neu
172772_172842.wav,neu
835291_835670.wav,neu
847512_847862.wav,neu
874343_874812.wav,neu
170735_170783.wav,neu
593291_593863.wav,neu
157314_157393.wav,neu
108805_108846.wav,neu
900515_901141.wav,neu
800493_800897.wav,neu
810297_810683.wav,neu
642323_642871.wav,neu
045416_045790.wav,neu
165263_165342.wav,neu
154955_155033.wav,neu
536745_537869.wav,neu
119578_119648.wav,neu
533705_534151.wav,neu
131271_131324.wav,neu
066380_067114.wav,neu
173854_174522.wav,neu
131851_131907.wav,neu
111229_111292.wav,neu
869659_870015.wav,neu
051514_052626.wav,neu
157847_157932.wav,neu
085476_085910.wav,neu
195996_196718.wav,neu
101886_101945.wav,neu
176939_177017.wav,neu
251048_251458.wav,neu
067114_067734.wav,neu
501271_501783.wav,neu
795231_795647.wav,neu
127637_127682.wav,neu
383083_384447.wav,neu
723221_723979.wav,neu
103222_103373.wav,neu
549535_550311.wav,neu
910912_912049.wav,neu
123829_123895.wav,neu
121732_121799.wav,neu
626519_626881.wav,neu
169987_170065.wav,neu
150030_150644.wav,neu
090338_091030.wav,neu
152160_152234.wav,neu
248508_248978.wav,neu
134349_134389.wav,neu
311243_311785.wav,neu
187321_187369.wav,neu
078484_079026.wav,neu
856246_856615.wav,neu
145910_145975.wav,neu
793929_794387.wav,neu
161042_161094.wav,neu
148260_148712.wav,neu
995531_996727.wav,neu
227814_228356.wav,neu
190303_190371.wav,neu
187369_187418.wav,neu
996727_997646.wav,neu
883629_883991.wav,neu
135850_136296.wav,neu
161475_161549.wav,neu
562393_563193.wav,neu
329723_330301.wav,neu
108310_108466.wav,neu
759719_760279.wav,neu
177417_177478.wav,neu
144157_144235.wav,neu
146832_146879.wav,neu
247648_248508.wav,neu
949093_949991.wav,neu
171676_171725.wav,neu
514495_515595.wav,neu
178604_178683.wav,neu
475468_475951.wav,neu
134124_134182.wav,neu
672369_672911.wav,neu
184306_184399.wav,neu
631371_632021.wav,neu
130009_130067.wav,neu
140339_140380.wav,neu
108741_108805.wav,neu
482960_483581.wav,neu
472839_473291.wav,neu
535715_536257.wav,neu
142129_142197.wav,neu
147046_147121.wav,neu
173245_173325.wav,neu
759007_759363.wav,neu
455710_456187.wav,neu
166446_166498.wav,neu
676619_677173.wav,neu
171218_171300.wav,neu
162117_162191.wav,neu
182170_182213.wav,neu
637633_638199.wav,neu
469397_470335.wav,neu
823262_823654.wav,neu
189141_189185.wav,neu
030568_031080.wav,neu
102026_102152.wav,neu
650353_651069.wav,neu
154469_154521.wav,neu
165413_165490.wav,neu
166654_167022.wav,neu
495059_495451.wav,neu
030074_030568.wav,neu
128657_128716.wav,neu
847181_847512.wav,neu
071312_071956.wav,neu
109251_109309.wav,neu
243017_243932.wav,neu
190371_190439.wav,neu
474747_475468.wav,neu
231004_231498.wav,neu
129194_129239.wav,neu
843285_843796.wav,neu
857043_857399.wav,neu
828181_828615.wav,neu
131974_132025.wav,neu
184657_184697.wav,neu
160904_160972.wav,neu
516679_517425.wav,neu
120588_120652.wav,neu
409339_409809.wav,neu
897909_898817.wav,neu
119142_119208.wav,neu
743839_744321.wav,neu
011032_011688.wav,neu
185288_185354.wav,neu
159416_159493.wav,neu
898817_899377.wav,neu
174992_175408.wav,neu
111138_111184.wav,neu
364383_365195.wav,neu
179833_179867.wav,neu
589057_589683.wav,neu
137153_137201.wav,neu
181030_181074.wav,neu
535083_535715.wav,neu
876946_877279.wav,neu
780303_780863.wav,neu
097016_097552.wav,neu
063717_064241.wav,neu
781737_782105.wav,neu
131324_131379.wav,neu
185698_185795.wav,neu
127265_127310.wav,neu
849496_849895.wav,neu
975793_976875.wav,neu
115609_115660.wav,neu
124273_124312.wav,neu
092396_092884.wav,neu
538489_539037.wav,neu
867489_868037.wav,neu
808839_809417.wav,neu
154408_154469.wav,neu
817439_817777.wav,neu
180163_180190.wav,neu
792139_792555.wav,neu
616891_617457.wav,neu
110475_110530.wav,neu
079834_080250.wav,neu
811063_811413.wav,neu
111609_112146.wav,neu
110859_110922.wav,neu
801355_802263.wav,neu
572289_572633.wav,neu
191498_191575.wav,neu
164291_164341.wav,neu
906777_907493.wav,neu
446837_447379.wav,neu
140654_141106.wav,neu
987417_988925.wav,neu
222036_222578.wav,neu
763913_764305.wav,neu
161622_161698.wav,neu
175287_175364.wav,neu
319445_319945.wav,neu
494155_494601.wav,neu
127419_127480.wav,neu
167575_167610.wav,neu
965359_966453.wav,neu
106729_106822.wav,neu
176018_176073.wav,neu
946662_947579.wav,neu
192444_192518.wav,neu
111074_111138.wav,neu
100602_100731.wav,neu
164662_164727.wav,neu
334573_335499.wav,neu
475951_476313.wav,neu
929854_930470.wav,neu
925281_926083.wav,neu
140634_140705.wav,neu
915604_916107.wav,neu
550311_550949.wav,neu
183411_183464.wav,neu
138117_138167.wav,neu
146758_146832.wav,neu
730253_730669.wav,neu
179204_179261.wav,neu
152001_152081.wav,neu
143130_143528.wav,neu
754051_754401.wav,neu
825915_826361.wav,neu
183073_183116.wav,neu
145429_145515.wav,neu
119753_119807.wav,neu
140302_140339.wav,neu
767041_767517.wav,neu
104122_104213.wav,neu
129697_129764.wav,neu
696053_696553.wav,neu
902054_903023.wav,neu
316791_317195.wav,neu
117478_117519.wav,neu
109449_109510.wav,neu
300265_301257.wav,neu
140797_140846.wav,neu
460964_461368.wav,neu
916107_916770.wav,neu
168330_169106.wav,neu
785557_785937.wav,neu
819911_820345.wav,neu
181716_181741.wav,neu
566735_567361.wav,neu
182551_182582.wav,neu
135673_135713.wav,neu
181773_181797.wav,neu
242223_243017.wav,neu
190171_190237.wav,neu
439401_440249.wav,neu
758235_758603.wav,neu
298033_299061.wav,neu
840777_841139.wav,neu
871112_871929.wav,neu
099136_099624.wav,neu
082978_083502.wav,neu
197844_198368.wav,neu
483581_484351.wav,neu
178443_178515.wav,neu
856615_857043.wav,neu
180190_180226.wav,neu
135091_135136.wav,neu
782617_783081.wav,neu
155714_155774.wav,neu
370865_371599.wav,neu
182136_182170.wav,neu
187946_188032.wav,neu
793471_793929.wav,neu
698529_698861.wav,neu
788571_789095.wav,neu
934841_935769.wav,neu
829441_830103.wav,neu
132621_132687.wav,neu
806271_806675.wav,neu
150468_150548.wav,neu
161863_161932.wav,neu
050876_051514.wav,neu
142074_142129.wav,neu
182582_182616.wav,neu
769843_770313.wav,neu
944562_945149.wav,neu
981785_982957.wav,neu
137072_137113.wav,neu
305513_306175.wav,neu
748393_748791.wav,neu
691915_692511.wav,neu
146118_146188.wav,neu
161549_161622.wav,neu
287285_288549.wav,neu
827241_827693.wav,neu
752501_752869.wav,neu
110391_110475.wav,neu
107372_107527.wav,neu
137598_137652.wav,neu
978275_979446.wav,neu
886570_886927.wav,neu
167665_167742.wav,neu
277912_278518.wav,neu
190668_190724.wav,neu
175664_175738.wav,neu
485699_486864.wav,neu
133652_133711.wav,neu
111739_111784.wav,neu
563193_563699.wav,neu
352249_352605.wav,neu
181686_181716.wav,neu
072908_073756.wav,neu
103888_104026.wav,neu
807145_807621.wav,neu
282220_282602.wav,neu
157749_157805.wav,neu
815257_815763.wav,neu
120979_121047.wav,neu
135183_135255.wav,neu
112932_112989.wav,neu
885511_886023.wav,neu
101211_101291.wav,neu
490157_490777.wav,neu
185183_185288.wav,neu
575541_576173.wav,neu
085024_085476.wav,neu
165894_165965.wav,neu
119398_119455.wav,neu
138894_138944.wav,neu
149070_149132.wav,neu
101912_102406.wav,neu
820712_821075.wav,neu
190767_190812.wav,neu
845323_845696.wav,neu
079448_079834.wav,neu
103512_103675.wav,neu
618229_618597.wav,neu
168834_168912.wav,neu
171552_171629.wav,neu
773415_773807.wav,neu
142829_142889.wav,neu
232454_233271.wav,neu
177960_178030.wav,neu
923127_923646.wav,neu
914767_915604.wav,neu
089676_090338.wav,neu
192761_192806.wav,neu
139605_139649.wav,neu
012952_013584.wav,neu
152081_152160.wav,neu
671555_672007.wav,neu
437129_438768.wav,neu
574415_574897.wav,neu
583989_584579.wav,neu
121443_121506.wav,neu
107070_107160.wav,neu
157393_157444.wav,neu
115372_115433.wav,neu
765437_765895.wav,neu
152528_152598.wav,neu
707439_707915.wav,neu
114451_114505.wav,neu
739911_740345.wav,neu
496829_497268.wav,neu
175479_175537.wav,neu
112863_112932.wav,neu
845696_846059.wav,neu
114622_114674.wav,neu
162558_162604.wav,neu
126286_126323.wav,neu
121105_121162.wav,neu
660877_661317.wav,neu
829054_829441.wav,neu
050292_050876.wav,neu
540349_540969.wav,neu
617457_617861.wav,neu
137821_137865.wav,neu
144431_144479.wav,neu
609773_610189.wav,neu
042840_043526.wav,neu
184440_184850.wav,neu
216071_216626.wav,neu
161782_162318.wav,neu
154641_154725.wav,neu
756921_757427.wav,neu
181378_181420.wav,neu
171440_171478.wav,neu
980583_981785.wav,neu
192634_192697.wav,neu
188808_188886.wav,neu
384447_384995.wav,neu
747953_748393.wav,neu
113112_113175.wav,neu
124832_124873.wav,neu
114322_114380.wav,neu
144300_144371.wav,neu
043918_044346.wav,neu
169910_169987.wav,neu
998945_100018.wav,neu
147434_147526.wav,neu
812823_813341.wav,neu
169345_169425.wav,neu
424664_425237.wav,neu
169106_169636.wav,neu
135024_135850.wav,neu
017746_018642.wav,neu
112723_112793.wav,neu
146490_146984.wav,neu
135136_135183.wav,neu
141106_141690.wav,neu
136433_136477.wav,neu
454789_455355.wav,neu
714559_714981.wav,neu
686179_686961.wav,neu
783437_784093.wav,neu
126705_126768.wav,neu
160473_160540.wav,neu
774331_774837.wav,neu
462435_462779.wav,neu
158354_158426.wav,neu
292257_293105.wav,neu
327475_328071.wav,neu
123337_123389.wav,neu
147707_147791.wav,neu
176996_177670.wav,neu
993769_994311.wav,neu
149132_149213.wav,neu
150819_150893.wav,neu
570387_570887.wav,neu
163809_163882.wav,neu
167363_167439.wav,neu
896746_897367.wav,neu
956104_957149.wav,neu
015474_016118.wav,neu
163384_163445.wav,neu
185548_185622.wav,neu
057294_057722.wav,neu
344773_345933.wav,neu
410585_412117.wav,neu
997646_998945.wav,neu
104371_104464.wav,neu
982957_984117.wav,neu
922373_923127.wav,neu
026339_026683.wav,neu
986251_987417.wav,neu
111784_111831.wav,neu
537869_538489.wav,neu
542377_543063.wav,neu
126768_126841.wav,neu
124549_124607.wav,neu
160206_160270.wav,neu
113369_113433.wav,neu
632533_632895.wav,neu
451503_453118.wav,neu
655561_656133.wav,neu
006508_006930.wav,neu
136936_136983.wav,neu
837762_838269.wav,neu
214176_214898.wav,neu
128892_128952.wav,neu
418859_419677.wav,neu
647877_648263.wav,neu
445759_446301.wav,neu
352605_353105.wav,neu
135255_135322.wav,neu
187761_187841.wav,neu
681607_682053.wav,neu
672911_673819.wav,neu
279758_280371.wav,neu
136327_136376.wav,neu
181302_181336.wav,neu
376077_376625.wav,neu
142258_142318.wav,neu
047402_047806.wav,neu
005960_006508.wav,neu
422827_423201.wav,neu
252692_253984.wav,neu
133923_133969.wav,neu
173174_173854.wav,neu
160458_161186.wav,neu
176266_176323.wav,neu
141514_141577.wav,neu
124377_124430.wav,neu
545339_545743.wav,neu
146954_147046.wav,neu
160684_160754.wav,neu
141957_142023.wav,neu
308323_308943.wav,neu
576173_577123.wav,neu
158188_158264.wav,neu
158142_158188.wav,neu
624583_625197.wav,neu
466513_467199.wav,neu
660173_660877.wav,neu
812347_812823.wav,neu
280371_281754.wav,neu
129653_129697.wav,neu
565391_565789.wav,neu
893561_894295.wav,neu
525513_526451.wav,neu
150020_150102.wav,neu
173177_173245.wav,neu
132802_132865.wav,neu
037754_038302.wav,neu
053354_053758.wav,neu
635069_635533.wav,neu
153137_153226.wav,neu
787631_788071.wav,neu
127791_127840.wav,neu
809785_810297.wav,neu
440249_440953.wav,neu
713353_713757.wav,neu
188524_188652.wav,neu
738121_738567.wav,neu
190493_190557.wav,neu
186710_186784.wav,neu
180520_180563.wav,neu
128024_128086.wav,neu
701667_702167.wav,neu
166725_166803.wav,neu
085910_087562.wav,neu
106345_106429.wav,neu
166677_166725.wav,neu
115055_115109.wav,neu
190724_190767.wav,neu
520755_521177.wav,neu
645611_646129.wav,neu
135760_135827.wav,neu
610647_611285.wav,neu
412117_412875.wav,neu
614579_615061.wav,neu
120298_120359.wav,neu
118290_118357.wav,neu
184101_184165.wav,neu
984851_986251.wav,neu
111975_112044.wav,neu
498575_498925.wav,neu
048764_049144.wav,neu
152312_152391.wav,neu
114787_114859.wav,neu
179540_179586.wav,neu
069998_070336.wav,neu
125160_125211.wav,neu
448933_449337.wav,neu
002050_002514.wav,neu
682415_682903.wav,neu
899937_900515.wav,neu
809417_809785.wav,neu
235744_236621.wav,neu
161150_161225.wav,neu
183116_183149.wav,neu
772149_772547.wav,neu
109694_110338.wav,neu
151344_151420.wav,neu
766275_766631.wav,neu
186237_186300.wav,neu
108466_108515.wav,neu
180841_180886.wav,neu
732211_732747.wav,neu
394397_395191.wav,neu
134389_134427.wav,neu
440953_441663.wav,neu
173775_173829.wav,neu
138983_139034.wav,neu
579765_580235.wav,neu
187903_187946.wav,neu
608105_608599.wav,neu
186582_186654.wav,neu
503205_503831.wav,neu
160830_160904.wav,neu
201072_201890.wav,neu
151780_151838.wav,neu
162318_162938.wav,neu
150706_150755.wav,neu
168203_168272.wav,neu
957149_957689.wav,neu
126580_126643.wav,neu
172393_172470.wav,neu
133498_133552.wav,neu
168416_168490.wav,neu
793097_793471.wav,neu
134058_134124.wav,neu
113422_113820.wav,neu
374957_375571.wav,neu
653495_654001.wav,neu
150415_150468.wav,neu
138739_138789.wav,neu
342307_342807.wav,neu
708897_709463.wav,neu
979446_980583.wav,neu
144564_144616.wav,neu
126907_126971.wav,neu
141110_141154.wav,neu
169018_169079.wav,neu
034332_035264.wav,neu
120415_120486.wav,neu
111184_111229.wav,neu
120865_120932.wav,neu
138841_138894.wav,neu
161806_161863.wav,neu
830765_831265.wav,neu
187228_187274.wav,neu
178257_178323.wav,neu
103160_103222.wav,neu
194496_194876.wav,neu
513707_514495.wav,neu
136590_136640.wav,neu
137652_137712.wav,neu
585265_585915.wav,neu
539037_539681.wav,neu
176519_176578.wav,neu
187072_187141.wav,neu
557131_557571.wav,neu
109955_110016.wav,neu
303355_304131.wav,neu
751863_752501.wav,neu
123550_123617.wav,neu
797865_798377.wav,neu
940881_941743.wav,neu
120183_120234.wav,neu
174396_174480.wav,neu
150220_150281.wav,neu
139811_139864.wav,neu
136477_136535.wav,neu
484755_485699.wav,neu
923646_924425.wav,neu
853427_853945.wav,neu
152657_152731.wav,neu
438768_439401.wav,neu
841959_842404.wav,neu
711035_711571.wav,neu
764871_765437.wav,neu
154254_154324.wav,neu
869254_869659.wav,neu
102372_102579.wav,neu
167883_167965.wav,neu
766631_767041.wav,neu
185354_185420.wav,neu
112044_112093.wav,neu
513081_513707.wav,neu
252221_252692.wav,neu
396695_397321.wav,neu
117857_117930.wav,neu
035264_035830.wav,neu
176073_176128.wav,neu
119515_119578.wav,neu
131446_131500.wav,neu
818549_818935.wav,neu
546983_547711.wav,neu
551949_552347.wav,neu
347899_348411.wav,neu
130470_130783.wav,neu
122671_122735.wav,neu
105564_105710.wav,neu
518431_519218.wav,neu
136740_136785.wav,neu
096474_097016.wav,neu
991431_992603.wav,neu
188514_189272.wav,neu
335499_335855.wav,neu
852107_852631.wav,neu
192354_193094.wav,neu
121937_121996.wav,neu
124142_124212.wav,neu
062640_063326.wav,neu
594495_595073.wav,neu
184697_184773.wav,neu
832162_832699.wav,neu
184850_185518.wav,neu
164599_164662.wav,neu
947579_948489.wav,neu
736007_736519.wav,neu
008008_008646.wav,neu
147355_147434.wav,neu
172916_172985.wav,neu
519218_519653.wav,neu
184773_184833.wav,neu
110338_110391.wav,neu
185518_186264.wav,neu
807621_808025.wav,neu
408761_409339.wav,neu
567361_567789.wav,neu
129017_129082.wav,neu
185859_185916.wav,neu
063326_063717.wav,neu
123086_123154.wav,neu
237488_238060.wav,neu
146489_146557.wav,neu
592387_592911.wav,neu
126488_126542.wav,neu
181074_181122.wav,neu
871929_872709.wav,neu
183291_183341.wav,neu
656133_656495.wav,neu
168352_168416.wav,neu
111356_111404.wav,neu
929412_929854.wav,neu
191271_191340.wav,neu
182884_182940.wav,neu
137758_137821.wav,neu
508272_509109.wav,neu
126542_126580.wav,neu
125950_126013.wav,neu
173641_173693.wav,neu
136841_136882.wav,neu
403775_404455.wav,neu
166373_166446.wav,neu
165490_165566.wav,neu
209680_210144.wav,neu
133969_134015.wav,neu
434331_435155.wav,neu
409809_410585.wav,neu
727131_727529.wav,neu
158725_158789.wav,neu
374173_374529.wav,neu
984117_984851.wav,neu
561081_561659.wav,neu
175537_175589.wav,neu
165687_165743.wav,neu
817777_818169.wav,neu
573945_574415.wav,neu
138685_138739.wav,neu
325941_326369.wav,neu
730669_731061.wav,neu
908723_909409.wav,neu
521989_522789.wav,neu
559497_560045.wav,neu
071956_072390.wav,neu
837383_837762.wav,neu
157444_157503.wav,neu
722745_723221.wav,neu
121162_121220.wav,neu
119690_120238.wav,neu
143996_144075.wav,neu
358683_359801.wav,neu
088044_088700.wav,neu
156592_156666.wav,neu
069588_069998.wav,neu
122259_122802.wav,neu
115703_115775.wav,neu
159800_159850.wav,neu
132865_132905.wav,neu
686961_687365.wav,neu
149795_149870.wav,neu
745399_745797.wav,neu
127682_127722.wav,neu
116399_116452.wav,neu
517913_518431.wav,neu
533331_533705.wav,neu
852631_853095.wav,neu
866333_866725.wav,neu
188378_188463.wav,neu
836599_836979.wav,neu
862059_862415.wav,neu
351581_352249.wav,neu
165819_165894.wav,neu
847862_848207.wav,neu
326369_327475.wav,neu
557571_558113.wav,neu
862415_862770.wav,neu
178876_178927.wav,neu
362395_362889.wav,neu
532567_533331.wav,neu
967523_968653.wav,neu
486864_487593.wav,neu
163742_163809.wav,neu
194876_195556.wav,neu
164393_164462.wav,neu
682903_683331.wav,neu
714981_715511.wav,neu
155575_155654.wav,neu
863495_863917.wav,neu
182981_183030.wav,neu
110195_110232.wav,neu
113820_114482.wav,neu
171158_171218.wav,neu
799209_799649.wav,neu
120117_120183.wav,neu
113561_113609.wav,neu
105412_105564.wav,neu
154843_154893.wav,neu
234728_235744.wav,neu
992603_993769.wav,neu
191620_192354.wav,neu
193786_194496.wav,neu
817005_817439.wav,neu
139306_139346.wav,neu
675257_675733.wav,neu
123966_124019.wav,neu
120549_120588.wav,neu
132344_132922.wav,neu
132578_132621.wav,neu
159493_159530.wav,neu
881633_882001.wav,neu
181268_181302.wav,neu
188263_188321.wav,neu
831265_831711.wav,neu
160270_160348.wav,neu
463687_464037.wav,neu
804975_805529.wav,neu
257508_258350.wav,neu
164843_164919.wav,neu
131170_131216.wav,neu
314647_315087.wav,neu
376625_377947.wav,neu
367465_368811.wav,neu
100070_100123.wav,neu
020790_021488.wav,neu
602247_602609.wav,neu
813739_814323.wav,neu
385989_386585.wav,neu
424201_424664.wav,neu
460393_460964.wav,neu
108612_108683.wav,neu
806675_807145.wav,neu
109818_109857.wav,neu
164244_164291.wav,neu
148755_148833.wav,neu
961295_962296.wav,neu
957689_958727.wav,neu
143479_143526.wav,neu
728265_728723.wav,neu
140144_140203.wav,neu
894295_894753.wav,neu
143609_143685.wav,neu
891299_891817.wav,neu
581897_582325.wav,neu
020092_020790.wav,neu
124430_124492.wav,neu
132490_132528.wav,neu
711571_712467.wav,neu
148492_148580.wav,neu
208119_208494.wav,neu
132424_132490.wav,neu
100731_100859.wav,neu
932579_934091.wav,neu
176181_176266.wav,neu
450595_451503.wav,neu
880891_881223.wav,neu
001260_001657.wav,neu
139518_139566.wav,neu
152446_152528.wav,neu
611821_612339.wav,neu
457672_458389.wav,neu
962903_964253.wav,neu
131717_131784.wav,neu
117049_117099.wav,neu
190812_190868.wav,neu
130887_130948.wav,neu
128486_128550.wav,neu
075534_075962.wav,neu
174198_174263.wav,neu
117247_117306.wav,neu
707915_708409.wav,neu
701149_701667.wav,neu
159133_159207.wav,neu
105261_105337.wav,neu
103064_103160.wav,neu
361811_362395.wav,neu
211902_212738.wav,neu
174049_174124.wav,neu
136983_137031.wav,neu
118418_118481.wav,neu
749917_750273.wav,neu
750965_751453.wav,neu
580235_580711.wav,neu
839112_839475.wav,neu
159991_160059.wav,neu
873083_873625.wav,neu
114196_114252.wav,neu
870015_870383.wav,neu
178786_178834.wav,neu
366171_366707.wav,neu
294055_294453.wav,neu
880481_880891.wav,neu
157086_157167.wav,neu
658289_659005.wav,neu
592019_592387.wav,neu
167610_167665.wav,neu
154599_154641.wav,neu
315087_315707.wav,neu
935769_937303.wav,neu
153507_153571.wav,neu
172470_172524.wav,neu
155654_155714.wav,neu
166873_166911.wav,neu
081634_082014.wav,neu
148712_149350.wav,neu
630985_631371.wav,neu
181644_181686.wav,neu
353105_353803.wav,neu
581199_581897.wav,neu
725467_725841.wav,neu
158646_158725.wav,neu
958727_959759.wav,neu
186992_187702.wav,neu
577647_578645.wav,neu
151420_151498.wav,neu
172654_172709.wav,neu
170150_170208.wav,neu
744321_744893.wav,neu
116093_116157.wav,neu
016118_016504.wav,neu
100798_101262.wav,neu
910119_910912.wav,neu
827693_828181.wav,neu
109582_109644.wav,neu
916770_918077.wav,neu
097552_098034.wav,neu
138533_138579.wav,neu
261986_262552.wav,neu
181946_181989.wav,neu
171104_171158.wav,neu
742363_742791.wav,neu
142516_143130.wav,neu
145370_145429.wav,neu
126323_126377.wav,neu
479093_479797.wav,neu
114993_115055.wav,neu
876417_876946.wav,neu
822015_822370.wav,neu
494601_495059.wav,neu
860612_861070.wav,neu
170338_170414.wav,neu
783081_783437.wav,neu
170783_170824.wav,neu
057722_058462.wav,neu
381409_381777.wav,neu
253984_254826.wav,neu
913277_913995.wav,neu
662269_662883.wav,neu
118874_118919.wav,neu
172037_172080.wav,neu
414131_414739.wav,neu
428010_428655.wav,neu
127840_127887.wav,neu
180563_180597.wav,neu
134941_134993.wav,neu
169847_169910.wav,neu
058938_059462.wav,neu
285243_285625.wav,neu
158982_159060.wav,neu
834417_834899.wav,neu
111515_111565.wav,neu
029038_029568.wav,neu
243932_245032.wav,neu
111875_111931.wav,neu
105165_105261.wav,neu
250512_251048.wav,neu
115235_115306.wav,neu
153442_153507.wav,neu
476927_477883.wav,neu
497268_498021.wav,neu
192836_192897.wav,neu
181797_181831.wav,neu
159283_159343.wav,neu
127543_127593.wav,neu
755679_756119.wav,neu
302279_303355.wav,neu
990193_991431.wav,neu
142777_142829.wav,neu
251458_252221.wav,neu
191340_191421.wav,neu
397321_398727.wav,neu
283751_284140.wav,neu
116878_116949.wav,neu
121038_121633.wav,neu
159207_159283.wav,neu
111404_111462.wav,neu
135827_135897.wav,neu
731061_731789.wav,neu
564801_565391.wav,neu
186784_186842.wav,neu
393819_394397.wav,neu
162938_163582.wav,neu
169271_169345.wav,neu
162466_162558.wav,neu
106021_106073.wav,neu
128086_128161.wav,neu
322339_323397.wav,neu
583477_583989.wav,neu
166178_166239.wav,neu
180792_180841.wav,neu
170683_170735.wav,neu
276844_277912.wav,neu
824969_825517.wav,neu
108572_108612.wav,neu
125647_125706.wav,neu
082466_082978.wav,neu
154521_154599.wav,neu
119897_119960.wav,neu
654941_655561.wav,neu
176445_176519.wav,neu
181122_181171.wav,neu
389669_390487.wav,neu
105710_105788.wav,neu
153006_153058.wav,neu
166036_166099.wav,neu
726673_727131.wav,neu
115829_115872.wav,neu
110138_110195.wav,neu
205508_206050.wav,neu
070336_070848.wav,neu
184500_184556.wav,neu
125448_125510.wav,neu
613097_613567.wav,neu
773807_774331.wav,neu
129953_130009.wav,neu
619875_620441.wav,neu
599735_600811.wav,neu
666189_666539.wav,neu
458389_459141.wav,neu
164074_164138.wav,neu
163445_163508.wav,neu
107301_107372.wav,neu
116573_116624.wav,neu
816625_817005.wav,neu
476313_476927.wav,neu
629881_630249.wav,neu
338683_339303.wav,neu
123154_123223.wav,neu
602609_603319.wav,neu
136009_136055.wav,neu
808477_808839.wav,neu
129365_129426.wav,neu
134235_134283.wav,neu
677571_678077.wav,neu
119648_119697.wav,neu
133552_133596.wav,neu
790885_791217.wav,neu
138630_138685.wav,neu
145515_145559.wav,neu
964253_965359.wav,neu
165504_166076.wav,neu
166076_166654.wav,neu
016504_016932.wav,neu
888612_889095.wav,neu
273654_274708.wav,neu
102858_103442.wav,neu
025460_025833.wav,neu
114252_114322.wav,neu
112653_112723.wav,neu
111689_111739.wav,neu
187182_187228.wav,neu
004002_004502.wav,neu
887373_888196.wav,neu
848665_849135.wav,neu
593863_594495.wav,neu
640145_640897.wav,neu
187418_187482.wav,neu
178515_178604.wav,neu
175971_176018.wav,neu
137301_137350.wav,neu
428655_429491.wav,neu
112585_113422.wav,neu
841139_841549.wav,neu
111565_111618.wav,neu
791579_792139.wav,neu
153295_153367.wav,neu
805529_805909.wav,neu
173401_173446.wav,neu
444585_445253.wav,neu
178729_178786.wav,neu
132025_132093.wav,neu
503831_504187.wav,neu
109710_109755.wav,neu
164193_164244.wav,neu
221398_222036.wav,neu
144978_145063.wav,neu
110078_110138.wav,neu
146188_146270.wav,neu
152154_152804.wav,neu
942707_943341.wav,neu
113884_113923.wav,neu
414739_415101.wav,neu
101456_101544.wav,neu
138412_138482.wav,neu
182703_182740.wav,neu
106073_106156.wav,neu
140583_140634.wav,neu
136785_136841.wav,neu
180767_180792.wav,neu
174805_174874.wav,neu
139468_139518.wav,neu
022246_022602.wav,neu
132209_132262.wav,neu
118357_118418.wav,neu
746297_746875.wav,neu
143298_143363.wav,neu
521177_521989.wav,neu
116949_117004.wav,neu
120359_120415.wav,neu
459797_460393.wav,neu
795647_796129.wav,neu
104464_104619.wav,neu
177895_177960.wav,neu
800101_800493.wav,neu
110688_111248.wav,neu
851745_852107.wav,neu
882001_882393.wav,neu
154191_154254.wav,neu
087562_088044.wav,neu
756119_756529.wav,neu
667887_668405.wav,neu
125211_125263.wav,neu
960467_961295.wav,neu
149289_149359.wav,neu
754401_754835.wav,neu
178927_178994.wav,neu
163582_163914.wav,neu
772547_772897.wav,neu
815763_816269.wav,neu
166298_166373.wav,neu
188463_188524.wav,neu
159343_159416.wav,neu
148833_148911.wav,neu
075962_076342.wav,neu
155513_155575.wav,neu
264906_265994.wav,neu
144479_144564.wav,neu
083502_084548.wav,neu
108218_108310.wav,neu
039926_040384.wav,neu
672007_672369.wav,neu
123442_123495.wav,neu
577123_577647.wav,neu
768403_768915.wav,neu
170618_170683.wav,neu
833989_834417.wav,neu
190911_190981.wav,neu
157032_157086.wav,neu
174915_174973.wav,neu
717059_717535.wav,neu
101262_101912.wav,neu
123389_123442.wav,neu
109510_109582.wav,neu
113609_113679.wav,neu
182367_182398.wav,neu
029568_030074.wav,neu
144845_144902.wav,neu
177478_177535.wav,neu
761171_761521.wav,neu
850877_851293.wav,neu
712467_712913.wav,neu
180259_180305.wav,neu
180738_180767.wav,neu
132922_133482.wav,neu
191928_192004.wav,neu
193094_193786.wav,neu
133019_133073.wav,neu
187721_187761.wav,neu
670079_670585.wav,neu
750273_750965.wav,neu
896241_896746.wav,neu
149588_149664.wav,neu
176378_176445.wav,neu
778303_778785.wav,neu
117158_117199.wav,neu
107527_107681.wav,neu
170065_170150.wav,neu
633497_634087.wav,neu
135622_135673.wav,neu
875633_875983.wav,neu
127966_128532.wav,neu
148632_148681.wav,neu
170285_170338.wav,neu
115557_115609.wav,neu
180683_180713.wav,neu
399329_399805.wav,neu
738995_739435.wav,neu
173036_173077.wav,neu
767517_767945.wav,neu
190439_190493.wav,neu
949991_951125.wav,neu
177670_178248.wav,neu
528997_529683.wav,neu
758603_759007.wav,neu
546231_546983.wav,neu
119455_119515.wav,neu
313409_314647.wav,neu
130259_130304.wav,neu
784749_785165.wav,neu
134283_134349.wav,neu
737591_738121.wav,neu
973317_974404.wav,neu
181863_181898.wav,neu
113497_113561.wav,neu
370443_370865.wav,neu
141154_141225.wav,neu
031610_032206.wav,neu
157932_157984.wav,neu
060644_061816.wav,neu
059462_059878.wav,neu
133711_133760.wav,neu
139046_139672.wav,neu
149944_150020.wav,neu
130655_130708.wav,neu
289043_289943.wav,neu
526451_527539.wav,neu
117199_117247.wav,neu
162352_162408.wav,neu
740701_741255.wav,neu
200542_201072.wav,neu
113679_113750.wav,neu
142720_142777.wav,neu
131338_131934.wav,neu
160348_160395.wav,neu
182940_182981.wav,neu
082014_082466.wav,neu
190107_190171.wav,neu
137264_137301.wav,neu
174124_174198.wav,neu
772897_773415.wav,neu
179718_179754.wav,neu
775271_775933.wav,neu
390487_391839.wav,neu
155914_156540.wav,neu
611285_611821.wav,neu
889095_889541.wav,neu
153226_153295.wav,neu
060228_060644.wav,neu
141462_141514.wav,neu
948489_949093.wav,neu
157805_157847.wav,neu
164341_164393.wav,neu
178143_178183.wav,neu
238060_238932.wav,neu
151918_152001.wav,neu
175364_175423.wav,neu
158538_159104.wav,neu
124076_124142.wav,neu
389235_389669.wav,neu
381777_382685.wav,neu
121550_121622.wav,neu
181458_181511.wav,neu
844539_844937.wav,neu
604871_605461.wav,neu
161750_161806.wav,neu
689873_690415.wav,neu
680987_681607.wav,neu
173975_174049.wav,neu
779165_779557.wav,neu
171771_171850.wav,neu
134590_134640.wav,neu
167965_168015.wav,neu
122873_122922.wav,neu
510981_512075.wav,neu
630249_630635.wav,neu
185050_185117.wav,neu
144371_144431.wav,neu
185009_185050.wav,neu
176323_176378.wav,neu
135496_135553.wav,neu
844937_845323.wav,neu
167172_167232.wav,neu
176745_176800.wav,neu
171029_171104.wav,neu
133447_133498.wav,neu
143099_143166.wav,neu
153571_153635.wav,neu
025833_026339.wav,neu
167022_167468.wav,neu
134993_135036.wav,neu
125388_125448.wav,neu
154812_155396.wav,neu
141276_141344.wav,neu
117930_117978.wav,neu
157984_158062.wav,neu
009658_010044.wav,neu
120005_120076.wav,neu
192697_192761.wav,neu
498925_499460.wav,neu
110753_110793.wav,neu
943341_944562.wav,neu
448307_448933.wav,neu
722233_722745.wav,neu
704685_705095.wav,neu
920785_922373.wav,neu
148439_148492.wav,neu
137920_137975.wav,neu
646979_647521.wav,neu
128716_128780.wav,neu
206838_207332.wav,neu
282970_283751.wav,neu
453118_454789.wav,neu
171928_171975.wav,neu
419677_420147.wav,neu
121220_121278.wav,neu
118585_118635.wav,neu
530839_531207.wav,neu
159530_159575.wav,neu
270527_271532.wav,neu
405375_406811.wav,neu
177535_177586.wav,neu
130067_130116.wav,neu
181232_181268.wav,neu
860203_860612.wav,neu
170824_170886.wav,neu
110586_110628.wav,neu
142889_142937.wav,neu
153970_154046.wav,neu
159060_159133.wav,neu
174610_174674.wav,neu
134482_134530.wav,neu
800897_801355.wav,neu
177283_177366.wav,neu
151498_151572.wav,neu
868725_869254.wav,neu
173446_173520.wav,neu
870745_871112.wav,neu
674799_675257.wav,neu
181504_182220.wav,neu
197236_197844.wav,neu
275755_276844.wav,neu
568847_569689.wav,neu
172153_172223.wav,neu
182821_182884.wav,neu
191125_191194.wav,neu
683759_684457.wav,neu
180356_180396.wav,neu
574897_575541.wav,neu
187566_187627.wav,neu
153635_153716.wav,neu
859733_860203.wav,neu
365195_365725.wav,neu
183341_183377.wav,neu
110232_110271.wav,neu
661775_662269.wav,neu
111248_111609.wav,neu
108683_108741.wav,neu
156105_156170.wav,neu
174755_174805.wav,neu
644309_644653.wav,neu
179509_179540.wav,neu
592911_593291.wav,neu
171062_171736.wav,neu
116166_116702.wav,neu
742791_743321.wav,neu
147640_147707.wav,neu
805909_806271.wav,neu
142166_142516.wav,neu
148681_148755.wav,neu
072390_072908.wav,neu
104619_104711.wav,neu
968653_970059.wav,neu
834899_835291.wav,neu
586451_587221.wav,neu
182398_182437.wav,neu
628689_629069.wav,neu
154893_154955.wav,neu
137031_137072.wav,neu
036750_037754.wav,neu
164786_164843.wav,neu
144768_144845.wav,neu
116208_116272.wav,neu
168069_168149.wav,neu
217521_218316.wav,neu
804427_804975.wav,neu
216626_217521.wav,neu
175183_175239.wav,neu
775933_776301.wav,neu
181511_181553.wav,neu
226952_227319.wav,neu
632021_632533.wav,neu
465471_466025.wav,neu
147791_147878.wav,neu
970059_971296.wav,neu
117519_117580.wav,neu
955120_956104.wav,neu
143224_143298.wav,neu
139864_139912.wav,neu
148911_148989.wav,neu
126971_127040.wav,neu
116328_116399.wav,neu
136218_136277.wav,neu
610189_610647.wav,neu
442391_442957.wav,neu
135384_135451.wav,neu
120932_120979.wav,neu
608599_609231.wav,neu
189843_189913.wav,neu
122984_123047.wav,neu
245550_246386.wav,neu
110922_110962.wav,neu
128326_128376.wav,neu
365725_366171.wav,neu
183240_183291.wav,neu
398727_399329.wav,neu
182777_182821.wav,neu
131379_131446.wav,neu
146270_146347.wav,neu
661317_661775.wav,neu
121379_121443.wav,neu
174874_174915.wav,neu
620441_621247.wav,neu
139346_139400.wav,neu
708409_708897.wav,neu
462779_463687.wav,neu
190615_190668.wav,neu
688095_688601.wav,neu
186361_186426.wav,neu
556727_557131.wav,neu
689053_689475.wav,neu
179067_179145.wav,neu
114928_114993.wav,neu
112989_113057.wav,neu
127544_127966.wav,neu
718251_718739.wav,neu
120076_120117.wav,neu
161225_161265.wav,neu
505625_506407.wav,neu
040848_041432.wav,neu
616391_616891.wav,neu
139139_139200.wav,neu
122808_122873.wav,neu
103675_103815.wav,neu
125510_125575.wav,neu
649715_650353.wav,neu
145240_145323.wav,neu
110271_110338.wav,neu
748791_749345.wav,neu
133811_133865.wav,neu
170948_171029.wav,neu
136535_136590.wav,neu
183464_183509.wav,neu
179374_179414.wav,neu
127887_127936.wav,neu
268853_269529.wav,neu
182656_182703.wav,neu
186892_186948.wav,neu
168490_168570.wav,neu
123374_124168.wav,neu
135553_135622.wav,neu
698113_698529.wav,neu
038302_038934.wav,neu
140380_140419.wav,neu
188114_188263.wav,neu
771565_772149.wav,neu
139756_139811.wav,neu
163073_163122.wav,neu
803179_803547.wav,neu
162997_163073.wav,neu
456187_457167.wav,neu
018642_019400.wav,neu
165628_165687.wav,neu
117004_117049.wav,neu
612339_613097.wav,neu
120486_120549.wav,neu
615061_615777.wav,neu
024654_025460.wav,neu
684457_684867.wav,neu
134858_134896.wav,neu
103442_103906.wav,neu
150977_151056.wav,neu
125575_125647.wav,neu
840361_840777.wav,neu
178994_179067.wav,neu
142612_142665.wav,neu
484351_484755.wav,neu
131617_131670.wav,neu
544203_545339.wav,neu
161932_162015.wav,neu
166239_166298.wav,neu
266860_267739.wav,neu
265994_266860.wav,neu
136055_136102.wav,neu
695589_696053.wav,neu
245032_245550.wav,neu
976875_978275.wav,neu
624083_624583.wav,neu
147577_147640.wav,neu
185117_185183.wav,neu
138390_139046.wav,neu
173909_173975.wav,neu
604251_604871.wav,neu
728723_729211.wav,neu
121666_121732.wav,neu
123047_123086.wav,neu
797419_797865.wav,neu
188652_188733.wav,neu
183766_183831.wav,neu
788071_788571.wav,neu
171975_172037.wav,neu
861070_861462.wav,neu
901141_902054.wav,neu
657675_658289.wav,neu
203496_203990.wav,neu
104418_104906.wav,neu
145616_145697.wav,neu
113057_113112.wav,neu
214898_215662.wav,neu
109755_109818.wav,neu
335855_336961.wav,neu
875983_876417.wav,neu
324865_325941.wav,neu
115433_115500.wav,neu
219886_220667.wav,neu
663311_663871.wav,neu
698861_699283.wav,neu
113750_113818.wav,neu
138317_138370.wav,neu
179968_180025.wav,neu
412875_413667.wav,neu
839475_839933.wav,neu
139912_139965.wav,neu
133073_133130.wav,neu
541823_542377.wav,neu
130116_130160.wav,neu
173325_173401.wav,neu
009266_009658.wav,neu
868037_868375.wav,neu
162191_162273.wav,neu
143835_143915.wav,neu
176628_176683.wav,neu
107975_108128.wav,neu
598681_599283.wav,neu
117118_117659.wav,neu
192296_192368.wav,neu
691427_691915.wav,neu
790325_790885.wav,neu
261552_261986.wav,neu
324449_324865.wav,neu
472153_472839.wav,neu
782105_782617.wav,neu
776651_777055.wav,neu
854945_855312.wav,neu
613567_614151.wav,neu
179414_179464.wav,neu
126013_126084.wav,neu
122195_122254.wav,neu
141344_141393.wav,neu
110338_110688.wav,neu
858296_858670.wav,neu
317195_318277.wav,neu
165743_165819.wav,neu
167512_167575.wav,neu
112515_112583.wav,neu
191421_191498.wav,neu
129426_129488.wav,neu
466025_466513.wav,neu
457167_457672.wav,neu
109186_109251.wav,neu
133760_133811.wav,neu
021488_022246.wav,neu
813341_813739.wav,neu
413667_414131.wav,neu
618977_619489.wav,neu
143166_143224.wav,neu
799649_800101.wav,neu
189913_189972.wav,neu
164138_164193.wav,neu
182882_183688.wav,neu
676107_676619.wav,neu
504187_505221.wav,neu
318277_319071.wav,neu
853095_853427.wav,neu
000000_000404.wav,neu
136640_136689.wav,neu
263106_263684.wav,neu
158573_158646.wav,neu
534151_535083.wav,neu
501783_502139.wav,neu
131670_131717.wav,neu
726311_726673.wav,neu
158264_158301.wav,neu
733723_734253.wav,neu
106255_106345.wav,neu
162947_162997.wav,neu
105788_105868.wav,neu
891817_892862.wav,neu
151408_152154.wav,neu
159850_159912.wav,neu
138579_138630.wav,neu
520327_520755.wav,neu
156937_156985.wav,neu
106822_106913.wav,neu
630635_630985.wav,neu
671073_671555.wav,neu
166099_166178.wav,neu
736519_737091.wav,neu
155774_155839.wav,neu
780863_781375.wav,neu
380289_380711.wav,neu
678541_678975.wav,neu
691005_691427.wav,neu
715511_715999.wav,neu
778785_779165.wav,neu
718739_719311.wav,neu
169802_169847.wav,neu
068576_069124.wav,neu
864351_864791.wav,neu
690415_691005.wav,neu
125055_125111.wav,neu
179328_179374.wav,neu
132687_132744.wav,neu
187676_187721.wav,neu
126924_127544.wav,neu
622295_623005.wav,neu
423201_423772.wav,neu
344057_344773.wav,neu
707011_707439.wav,neu
115660_115703.wav,neu
141690_142166.wav,neu
236621_237488.wav,neu
480459_480959.wav,neu
198368_199234.wav,neu
140190_140654.wav,neu
384995_385453.wav,neu
142197_142258.wav,neu
100341_100460.wav,neu
180115_180163.wav,neu
119025_119082.wav,neu
652339_652929.wav,neu
749345_749917.wav,neu
167742_167805.wav,neu
890625_891299.wav,neu
151639_151714.wav,neu
121047_121105.wav,neu
112214_112278.wav,neu
146347_146428.wav,neu
138063_138117.wav,neu
849135_849496.wav,neu
794387_794791.wav,neu
070848_071312.wav,neu
591285_592019.wav,neu
123223_123276.wav,neu
114005_114071.wav,neu
182470_182514.wav,neu
770313_770723.wav,neu
122922_122984.wav,neu
152234_152312.wav,neu
010044_010592.wav,neu
094576_095196.wav,neu
264052_264906.wav,neu
972570_973317.wav,neu
109644_109710.wav,neu
596325_596819.wav,neu
802263_802667.wav,neu
105337_105412.wav,neu
124673_124728.wav,neu
163329_163384.wav,neu
192220_192296.wav,neu
359801_360199.wav,neu
988925_990193.wav,neu
875162_875633.wav,neu
127203_127265.wav,neu
145975_146049.wav,neu
606587_607021.wav,neu
160754_160830.wav,neu
561659_562393.wav,neu
357277_358683.wav,neu
128606_128657.wav,neu
182093_182136.wav,neu
319071_319445.wav,neu
166911_166961.wav,neu
634581_635069.wav,neu
881223_881633.wav,neu
256617_257508.wav,neu
487593_488207.wav,neu
824511_824969.wav,neu
132973_133019.wav,neu
111292_111356.wav,neu
180566_181504.wav,neu
719311_719895.wav,neu
310779_311243.wav,neu
145559_145616.wav,neu
101291_101369.wav,neu
152391_152446.wav,neu
159731_159800.wav,neu
138250_138317.wav,neu
181741_181773.wav,neu
607021_607737.wav,neu
162015_162063.wav,neu
435155_435685.wav,neu
142023_142074.wav,neu
663871_664479.wav,neu
531207_531959.wav,neu
137113_137153.wav,neu
490777_491522.wav,neu
118635_118693.wav,neu
191732_191786.wav,neu
814323_814889.wav,neu
169425_169501.wav,neu
108947_109005.wav,neu
106156_106255.wav,neu
417489_418859.wav,neu
104026_104122.wav,neu
161265_161326.wav,neu
162273_162352.wav,neu
172294_172344.wav,neu
639543_640145.wav,neu
134815_134858.wav,neu
299639_300265.wav,neu
117099_117158.wav,neu
102579_102744.wav,neu
477883_478509.wav,neu
136277_136327.wav,neu
184165_184306.wav,neu
173077_173123.wav,neu
850311_850877.wav,neu
551497_551949.wav,neu
555465_556727.wav,neu
117659_118100.wav,neu
168968_169018.wav,neu
000404_000838.wav,neu
174480_174556.wav,neu
883991_884365.wav,neu
126422_126488.wav,neu
641601_642323.wav,neu
102406_102858.wav,neu
582325_582705.wav,neu
121333_121379.wav,neu
362889_363329.wav,neu
619489_619875.wav,neu
372093_373373.wav,neu
156666_156732.wav,neu
842404_842851.wav,neu
734711_735223.wav,neu
013584_014246.wav,neu
776301_776651.wav,neu
400419_401081.wav,neu
415601_417097.wav,neu
725075_725467.wav,neu
177661_177734.wav,neu
154119_154191.wav,neu
363329_363889.wav,neu
126142_126191.wav,neu
386941_387675.wav,neu
539681_540349.wav,neu
151714_151780.wav,neu
154765_154843.wav,neu
682053_682415.wav,neu
156063_156105.wav,neu
796129_796599.wav,neu
150358_150415.wav,neu
149870_149944.wav,neu
126191_126237.wav,neu
182271_182321.wav,neu
154090_154812.wav,neu
110689_110753.wav,neu
892862_893561.wav,neu
959759_960467.wav,neu
126237_126286.wav,neu
140095_140144.wav,neu
199734_200102.wav,neu
784093_784749.wav,neu
125111_125160.wav,neu
073756_074118.wav,neu
129133_129194.wav,neu
723979_724557.wav,neu
175589_175664.wav,neu
104305_104371.wav,neu
189643_189716.wav,neu
012314_012952.wav,neu
756529_756921.wav,neu
600811_602247.wav,neu
171300_171375.wav,neu
230660_231004.wav,neu
064241_064628.wav,neu
170208_170285.wav,neu
703745_704227.wav,neu
579061_579765.wav,neu
163508_163596.wav,neu
833567_833989.wav,neu
191786_191852.wav,neu
179586_179686.wav,neu
565789_566337.wav,neu
170414_170482.wav,neu
109904_109955.wav,neu
552679_553065.wav,neu
003472_004002.wav,neu
282602_282970.wav,neu
738567_738995.wav,neu
116702_117118.wav,neu
680535_680987.wav,neu
120794_120865.wav,neu
171725_171771.wav,neu
014716_015474.wav,neu
140203_140257.wav,neu
553065_553739.wav,neu
178323_178385.wav,neu
140053_140095.wav,neu
179261_179328.wav,neu
114505_114557.wav,neu
899377_899937.wav,neu
132153_132209.wav,neu
123495_123550.wav,neu
291715_292257.wav,neu
811413_811925.wav,neu
638199_638657.wav,neu
122802_123374.wav,neu
065856_066380.wav,neu
032622_033044.wav,neu
121996_122045.wav,neu
128780_128831.wav,neu
168570_168617.wav,neu
115169_115235.wav,neu
720335_720763.wav,neu
089218_089676.wav,neu
119960_120005.wav,neu
170352_171062.wav,neu
142436_142478.wav,neu
200102_200542.wav,neu
180597_180653.wav,neu
727861_728265.wav,neu
128161_128207.wav,neu
118044_118104.wav,neu
117747_117792.wav,neu
124728_124784.wav,neu
174674_174755.wav,neu
127722_127791.wav,neu
768915_769295.wav,neu
685535_686179.wav,neu
118963_119025.wav,neu
886023_886570.wav,neu
502139_502597.wav,neu
210967_211354.wav,neu
167232_167291.wav,neu
531959_532567.wav,neu
190916_191620.wav,neu
203990_204352.wav,neu
116624_116690.wav,neu
133381_133447.wav,neu
639055_639543.wav,neu
002990_003472.wav,neu
905965_906777.wav,neu
128952_129017.wav,neu
181336_181378.wav,neu
767945_768403.wav,neu
884720_885083.wav,neu
652929_653495.wav,neu
148989_149070.wav,neu
138024_138063.wav,neu
192153_192220.wav,neu
141834_141886.wav,neu
190981_191043.wav,neu
375571_376077.wav,neu
156521_156592.wav,neu
461791_462435.wav,neu
131108_131170.wav,neu
223919_224690.wav,neu
144075_144157.wav,neu
156334_156412.wav,neu
125826_125891.wav,neu
720763_721203.wav,neu
165212_165263.wav,neu
859039_859389.wav,neu
155986_156063.wav,neu
132262_132314.wav,neu
155095_155173.wav,neu
154725_154765.wav,neu
183569_183637.wav,neu
131934_132344.wav,neu
109137_109186.wav,neu
116157_116208.wav,neu
146557_146615.wav,neu
134896_134941.wav,neu
548987_549535.wav,neu
113318_113369.wav,neu
725841_726311.wav,neu
846770_847181.wav,neu
391839_392525.wav,neu
130412_130481.wav,neu
164524_164599.wav,neu
294453_295451.wav,neu
489429_490157.wav,neu
175738_175791.wav,neu
023420_023914.wav,neu
598223_598681.wav,neu
163663_163742.wav,neu
436545_437129.wav,neu
129891_129953.wav,neu
493233_493667.wav,neu
709927_710523.wav,neu
878033_878377.wav,neu
027208_027732.wav,neu
488207_488905.wav,neu
841549_841959.wav,neu
145792_145846.wav,neu
137396_137449.wav,neu
127159_127203.wav,neu
606027_606587.wav,neu
006930_007459.wav,neu
092884_093378.wav,neu
745797_746297.wav,neu
369299_369715.wav,neu
385453_385989.wav,neu
153761_153833.wav,neu
582705_583109.wav,neu
114380_114451.wav,neu
161326_161406.wav,neu
016932_017318.wav,neu
005026_005562.wav,neu
122624_122671.wav,neu
895253_895735.wav,neu
848207_848665.wav,neu
597645_598223.wav,neu
114859_114928.wav,neu
179862_180566.wav,neu
222578_223138.wav,neu
169615_169669.wav,neu
735223_735591.wav,neu
648895_649239.wav,neu
167805_167883.wav,neu
430303_431877.wav,neu
884365_884720.wav,neu
764305_764871.wav,neu
717535_718251.wav,neu
102284_102372.wav,neu
752869_753273.wav,neu
185622_185698.wav,neu
151187_151266.wav,neu
180466_180520.wav,neu
152731_152781.wav,neu
145846_145910.wav,neu
188073_188114.wav,neu
798751_799209.wav,neu
994311_995531.wav,neu
125558_126442.wav,neu
048258_048764.wav,neu
527539_528003.wav,neu
148005_148085.wav,neu
065290_065856.wav,neu
165965_166036.wav,neu
832699_833139.wav,neu
636009_636683.wav,neu
356177_357277.wav,neu
116452_116503.wav,neu
903023_903631.wav,neu
022602_023420.wav,neu
186132_186237.wav,neu
468427_468968.wav,neu
818169_818549.wav,neu
789095_789481.wav,neu
140705_140748.wav,neu
150931_150977.wav,neu
512075_512707.wav,neu
140846_140910.wav,neu
104213_104305.wav,neu
145189_145240.wav,neu
159736_160458.wav,neu
735591_736007.wav,neu
111462_111515.wav,neu
119208_119270.wav,neu
354981_356177.wav,neu
753273_753647.wav,neu
213423_214176.wav,neu
163122_163204.wav,neu
694739_695203.wav,neu
259269_259946.wav,neu
786889_787257.wav,neu
524833_525513.wav,neu
167040_167120.wav,neu
158789_158845.wav,neu
109005_109070.wav,neu
946112_946662.wav,neu
107885_107975.wav,neu
178183_178257.wav,neu
169572_169615.wav,neu
885083_885511.wav,neu
173592_173641.wav,neu
522789_523931.wav,neu
172709_172772.wav,neu
183698_183766.wav,neu
174522_174992.wav,neu
183831_183937.wav,neu
590171_590647.wav,neu
137712_137758.wav,neu
144902_144978.wav,neu
205067_205508.wav,neu
160540_160617.wav,neu
181831_181863.wav,neu
114482_115324.wav,neu
046338_047402.wav,neu
107230_107652.wav,neu
125706_125772.wav,neu
125314_125388.wav,neu
124784_124832.wav,neu
638657_639055.wav,neu
107681_107796.wav,neu
122373_122435.wav,neu
585915_586451.wav,neu
137590_138390.wav,neu
646129_646569.wav,neu
589683_590171.wav,neu
363889_364383.wav,neu
164462_164524.wav,neu
143915_143996.wav,neu
210144_210967.wav,neu
052626_053354.wav,neu
634087_634581.wav,neu
158062_158142.wav,neu
033904_034332.wav,neu
043526_043918.wav,neu
246386_247006.wav,neu
117356_117413.wav,neu
105087_105165.wav,neu
127978_128024.wav,neu
100208_100341.wav,neu
182616_182656.wav,neu
761889_762605.wav,neu
569689_570387.wav,neu
315707_316123.wav,neu
121881_121937.wav,neu
796949_797419.wav,neu
192573_192634.wav,neu
240900_241730.wav,neu
032206_032622.wav,neu
945149_946112.wav,neu
703125_703745.wav,neu
843796_844159.wav,neu
114674_114719.wav,neu
148085_148159.wav,neu
174973_175045.wav,neu
727529_727861.wav,neu
791217_791579.wav,neu
433710_434331.wav,neu
187011_187072.wav,neu
147526_147577.wav,neu
179686_179718.wav,neu
118919_118963.wav,neu
100130_100798.wav,neu
554311_555465.wav,neu
332455_333561.wav,neu
615777_616391.wav,neu
341415_341825.wav,neu
108122_108700.wav,neu
143435_143479.wav,neu
130783_131338.wav,neu
172223_172294.wav,neu
786413_786889.wav,neu
122567_122624.wav,neu
174325_174396.wav,neu
169636_170352.wav,neu
044346_045416.wav,neu
151129_151187.wav,neu
301257_302279.wav,neu
139256_139306.wav,neu
312687_313409.wav,neu
779557_780303.wav,neu
785937_786413.wav,neu
310051_310779.wav,neu
913995_914767.wav,neu
171736_172494.wav,neu
140748_140797.wav,neu
192368_192444.wav,neu
171629_171676.wav,neu
702667_703125.wav,neu
155948_155986.wav,neu
442957_444585.wav,neu
334109_334573.wav,neu
074118_074804.wav,neu
114557_114622.wav,neu
785165_785557.wav,neu
151838_151918.wav,neu
822841_823262.wav,neu
106913_107070.wav,neu
102152_102284.wav,neu
710523_711035.wav,neu
140910_140977.wav,neu
141762_141834.wav,neu
175239_175287.wav,neu
804065_804427.wav,neu
757783_758235.wav,neu
502597_503205.wav,neu
151056_151129.wav,neu
584579_585265.wav,neu
201890_202750.wav,neu
651069_651767.wav,neu
135036_135091.wav,neu
903631_904659.wav,neu
103906_104418.wav,neu
169669_169750.wav,neu
868375_868725.wav,neu
769295_769843.wav,neu
116812_116878.wav,neu
680089_680535.wav,neu
124873_124936.wav,neu
019400_020092.wav,neu
189335_189491.wav,neu
107796_107885.wav,neu
098034_098786.wav,neu
187702_188514.wav,neu
296473_297045.wav,neu
141708_141762.wav,neu
140504_140544.wav,neu
558113_558835.wav,neu
109309_109379.wav,neu
174263_174325.wav,neu
543835_544203.wav,neu
157246_157314.wav,neu
218316_219392.wav,neu
229240_230076.wav,neu
179867_179926.wav,neu
148159_148230.wav,neu
160617_160684.wav,neu
937303_937715.wav,neu
190557_190615.wav,neu
377947_378663.wav,neu
309515_310051.wav,neu
109070_109137.wav,neu
164727_164786.wav,neu
146676_146758.wav,neu
134427_134482.wav,neu
260542_261552.wav,neu
455355_455710.wav,neu
049144_050292.wav,neu
108846_108895.wav,neu
192004_192079.wav,neu
583109_583477.wav,neu
321245_322339.wav,neu
740345_740701.wav,neu
826770_827241.wav,neu
744893_745399.wav,neu
340475_340939.wav,neu
149514_149588.wav,neu
067734_068576.wav,neu
139649_139697.wav,neu
145810_146490.wav,neu
146879_146954.wav,neu
136163_136218.wav,neu
129299_129365.wav,neu
123789_123829.wav,neu
167908_168330.wav,neu
704227_704685.wav,neu
339303_340475.wav,neu
278518_279131.wav,neu
366707_367465.wav,neu
184556_184609.wav,neu
248978_249940.wav,neu
074804_075178.wav,neu
262552_263106.wav,neu
177220_177283.wav,neu
697047_697703.wav,neu
492227_492637.wav,neu
104906_105670.wav,neu
136882_136936.wav,neu
808025_808477.wav,neu
190237_190303.wav,neu
124842_125558.wav,neu
124019_124076.wav,neu
342807_344057.wav,neu
001657_002050.wav,neu
281754_282220.wav,neu
879257_879709.wav,neu
350775_351581.wav,neu
133865_133923.wav,neu
823654_824004.wav,neu
120234_120298.wav,neu
137350_137396.wav,neu
150893_150931.wav,neu
123276_123337.wav,neu
045790_046338.wav,neu
548265_548987.wav,neu
192806_192836.wav,neu
765895_766275.wav,neu
492637_493233.wav,neu
425237_425821.wav,neu
104711_104860.wav,neu
002514_002990.wav,neu
737091_737591.wav,neu
479797_480459.wav,neu
155173_155223.wav,neu
156170_156247.wav,neu
160059_160121.wav,neu
311785_312687.wav,neu
149433_149514.wav,neu
498021_498575.wav,neu
889541_889933.wav,neu
864791_865393.wav,neu
777471_777911.wav,neu
164992_165035.wav,neu
407245_407991.wav,neu
951125_952109.wav,neu
131216_131271.wav,neu
136376_136433.wav,neu
360603_361811.wav,neu
695203_695589.wav,neu
182213_182271.wav,neu
688601_689053.wav,neu
495451_496227.wav,neu
149664_149738.wav,neu
912049_913277.wav,neu
468968_469397.wav,neu
284140_285243.wav,neu
211354_211902.wav,neu
496227_496829.wav,neu
107652_108122.wav,neu
665701_666189.wav,neu
677173_677571.wav,neu
127360_127419.wav,neu
112583_112653.wav,neu
147198_147281.wav,neu
040384_040848.wav,neu
192970_193037.wav,neu
570887_571687.wav,neu
100460_100602.wav,neu
684867_685535.wav,neu
143035_143099.wav,neu
180025_180065.wav,neu
855825_856246.wav,neu
649239_649715.wav,neu
618597_618977.wav,neu
131907_131974.wav,neu
111009_111074.wav,neu
732747_733229.wav,neu
937715_938253.wav,neu
117306_117356.wav,neu
121278_121333.wav,neu
966453_967523.wav,neu
182220_182882.wav,neu
192897_192970.wav,neu
733229_733723.wav,neu
144235_144300.wav,neu
125001_125055.wav,neu
693637_694155.wav,neu
189972_190045.wav,neu
154046_154119.wav,neu
130838_130887.wav,neu
474283_474747.wav,neu
149359_149433.wav,neu
822370_822841.wav,neu
118240_118290.wav,neu
117689_117747.wav,neu
127936_127978.wav,neu
153716_153761.wav,neu
131500_131555.wav,neu
323397_324449.wav,neu
150644_151408.wav,neu
155839_155887.wav,neu
345933_346679.wav,neu
839933_840361.wav,neu
182437_182470.wav,neu
168015_168069.wav,neu
162877_162947.wav,neu
861462_862059.wav,neu
127593_127637.wav,neu
395191_395877.wav,neu
152598_152657.wav,neu
061816_062640.wav,neu
186842_186892.wav,neu
379301_379867.wav,neu
119082_119142.wav,neu
308943_309515.wav,neu
621663_622295.wav,neu
952109_953111.wav,neu
212738_213423.wav,neu
143363_143435.wav,neu
161406_161475.wav,neu
417097_417489.wav,neu
700235_701149.wav,neu
427127_428010.wav,neu
560045_560689.wav,neu
187274_187321.wav,neu
886927_887373.wav,neu
191575_191654.wav,neu
306175_307269.wav,neu
139094_139139.wav,neu
792555_793097.wav,neu
142665_142720.wav,neu
084548_085024.wav,neu
857399_857887.wav,neu
130780_130838.wav,neu
938253_939139.wav,neu
129605_129653.wav,neu
172524_172577.wav,neu
150102_150165.wav,neu
770723_771565.wav,neu
111618_111689.wav,neu
435685_436545.wav,neu
101130_101211.wav,neu
523931_524833.wav,neu
753647_754051.wav,neu
789481_789891.wav,neu
150755_150819.wav,neu
831711_832162.wav,neu
729211_729693.wav,neu
175423_175479.wav,neu
854433_854945.wav,neu
395877_396695.wav,neu
117580_117645.wav,neu
743321_743839.wav,neu
930470_931189.wav,neu
147121_147198.wav,neu
159912_159991.wav,neu
470901_471581.wav,neu
255704_256617.wav,neu
833139_833567.wav,neu
113963_114005.wav,neu
189491_189643.wav,neu
185968_186023.wav,neu
168685_168758.wav,neu
787257_787631.wav,neu
491522_492227.wav,neu
137018_137590.wav,neu
379867_380289.wav,neu
159657_159731.wav,neu
115872_115927.wav,neu
877646_878033.wav,neu
011688_012314.wav,neu
115986_116025.wav,neu
136102_136163.wav,neu
116690_116741.wav,neu
132377_132424.wav,neu
122088_122141.wav,neu
687365_687727.wav,neu
179145_179204.wav,neu
177017_177081.wav,neu
130481_130545.wav,neu
299061_299639.wav,neu
131555_131617.wav,neu
132528_132578.wav,neu
137503_137543.wav,neu
184876_184943.wav,neu
160121_160206.wav,neu
184399_184452.wav,neu
874011_874343.wav,neu
189272_189634.wav,neu
118812_118874.wav,neu
564415_564801.wav,neu
080250_080822.wav,neu
597229_597645.wav,neu
272593_273654.wav,neu
119270_119328.wav,neu
836979_837383.wav,neu
133596_133652.wav,neu
166534_166602.wav,neu
669097_669477.wav,neu
165103_165148.wav,neu
142318_142382.wav,neu
076342_076986.wav,neu
113923_113963.wav,neu
126084_126142.wav,neu
129239_129299.wav,neu
112793_112863.wav,neu
571687_572289.wav,neu
017318_017746.wav,neu
187522_187566.wav,neu
108700_109176.wav,neu
096082_096474.wav,neu
179926_179968.wav,neu
139965_140012.wav,neu
659481_660173.wav,neu
517425_517913.wav,neu
134398_135024.wav,neu
133946_134398.wav,neu
156449_156521.wav,neu
128831_128892.wav,neu
105670_106278.wav,neu
152804_154090.wav,neu
842851_843285.wav,neu
181200_181232.wav,neu
651767_652339.wav,neu
191043_191125.wav,neu
119328_119398.wav,neu
118104_118175.wav,neu
117978_118044.wav,neu
461368_461791.wav,neu
540969_541823.wav,neu
141393_141462.wav,neu
150165_150220.wav,neu
635533_636009.wav,neu
100123_100208.wav,neu
155452_155513.wav,neu
131008_131048.wav,neu
158301_158354.wav,neu
158426_158499.wav,neu
163596_163663.wav,neu
553739_554311.wav,neu
687727_688095.wav,neu
100986_101130.wav,neu
118175_118240.wav,neu
147878_147915.wav,neu
696553_697047.wav,neu
175845_175900.wav,neu
153833_153911.wav,neu
471581_472153.wav,neu
